faa8fc1e-1570-4c51-b002-a4b67b025883,ca7bc9ae-7a90-437e-b0b2-21f3aa942927,cbf60054-97ed-4349-bebd-f859bd6e7673,2023-10-11 18:32:34.423+00,2023-10-11 18:32:38.233+00,2023-10-11 18:32:38.233+00,CREATED,YOUTUBE,"",/Users/jazminromero/development/AtlinProject/Scheduler/OUTPUT_DATA/faa8fc1e-1570-4c51-b002-a4b67b025883,2023-10-11 14:32:38.197599 : get_playlist_id : a_playlist_link is not a valid playlist url. ,F_PLAYLIST_2,"{'"job_name'": '"'", '"job_resume'": {'"error'": '"'", '"actions'": [], '"videos_ids'": [], '"api_key_valid'": '"true'", '"current_quota'": '"0'", '"comments_count'": {}, '"quota_exceeded'": '"false'", '"error_description'": '"'", '"all_videos_retrieved'": '"false'", '"all_comments_retrieved'": '"false'"}, '"job_submit'": {'"actions'": ['"METADATA'"], '"option_type'": '"PLAYLIST'", '"video_count'": 5, '"option_value'": '"a_playlist_link'"}}"
ba68a08d-3dbb-4e83-95c6-f68d3b24913a,ca7bc9ae-7a90-437e-b0b2-21f3aa942927,0ab0a653-d616-413c-a5c7-64f25288aa2c,2023-10-11 18:29:43.065+00,2023-10-11 18:29:47.919+00,2023-10-11 18:29:47.919+00,CREATED,YOUTUBE,"",/Users/jazminromero/development/AtlinProject/Scheduler/OUTPUT_DATA/ba68a08d-3dbb-4e83-95c6-f68d3b24913a,The playlist identified with the request's <code>playlistId</code> parameter cannot be found.,F_PLAYLIST_1,"{'"job_name'": '"'", '"job_resume'": {'"error'": '"'", '"actions'": [], '"videos_ids'": [], '"api_key_valid'": '"true'", '"current_quota'": '"0'", '"comments_count'": {}, '"quota_exceeded'": '"false'", '"error_description'": '"'", '"all_videos_retrieved'": '"false'", '"all_comments_retrieved'": '"false'"}, '"job_submit'": {'"actions'": ['"METADATA'"], '"option_type'": '"PLAYLIST'", '"video_count'": 5, '"option_value'": '"https://youtube.com/playlist?list=mylist'"}}"
ad0c9ac4-e607-409a-8974-a48e9fe0f945,ca7bc9ae-7a90-437e-b0b2-21f3aa942927,68c6dbc8-0210-4051-844e-af8a825db180,2023-10-11 18:25:15.497+00,2023-10-11 18:25:21.661+00,2023-10-11 18:25:21.661+00,CREATED,YOUTUBE,"",/Users/jazminromero/development/AtlinProject/Scheduler/OUTPUT_DATA/ad0c9ac4-e607-409a-8974-a48e9fe0f945,API key not valid. Please pass a valid API key.,F_API_TOKEN,"{'"job_name'": '"'", '"job_resume'": {'"error'": '"'", '"actions'": [], '"videos_ids'": [], '"api_key_valid'": '"true'", '"current_quota'": '"0'", '"comments_count'": {}, '"quota_exceeded'": '"false'", '"error_description'": '"'", '"all_videos_retrieved'": '"false'", '"all_comments_retrieved'": '"false'"}, '"job_submit'": {'"actions'": ['"METADATA'"], '"option_type'": '"VIDEO'", '"video_count'": 5, '"option_value'": '"https://www.youtube.com/watch?v=0CW6cxApOBg'"}}"
efba180e-67cf-48fd-99e2-29e2181cec36,ca7bc9ae-7a90-437e-b0b2-21f3aa942927,0ab0a653-d616-413c-a5c7-64f25288aa2c,2023-10-12 18:05:31.171+00,2023-10-12 18:07:18.456+00,2023-10-12 18:07:18.456+00,CREATED,YOUTUBE,"",/Users/jazminromero/development/AtlinProject/Scheduler/OUTPUT_DATA/efba180e-67cf-48fd-99e2-29e2181cec36/efba180e-67cf-48fd-99e2-29e2181cec36.zip,Completed Job,S_PLAYLIST,"{'"job_name'": '"'", '"job_resume'": {'"error'": '"'", '"actions'": [], '"videos_ids'": [], '"api_key_valid'": '"true'", '"current_quota'": '"0'", '"comments_count'": {}, '"quota_exceeded'": '"false'", '"error_description'": '"'", '"all_videos_retrieved'": '"false'", '"all_comments_retrieved'": '"false'"}, '"job_submit'": {'"actions'": ['"METADATA'", '"COMMENT'"], '"option_type'": '"PLAYLIST'", '"video_count'": 5, '"option_value'": '"https://youtube.com/playlist?list=PLADighMnAG4AijQloYYtcg18zdyCiQWb7'"}}"
a7635d6d-3e01-43ae-9396-cea53188d726,ca7bc9ae-7a90-437e-b0b2-21f3aa942927,cbf60054-97ed-4349-bebd-f859bd6e7673,2023-10-12 18:13:40.425+00,2023-10-12 18:26:52.642+00,2023-10-12 18:26:52.642+00,CREATED,YOUTUBE,"",/Users/jazminromero/development/AtlinProject/Scheduler/OUTPUT_DATA/a7635d6d-3e01-43ae-9396-cea53188d726/a7635d6d-3e01-43ae-9396-cea53188d726.zip,Completed Job,S_QUERY,"{'"job_name'": '"'", '"job_resume'": {'"error'": '"'", '"actions'": [], '"videos_ids'": [], '"api_key_valid'": '"true'", '"current_quota'": '"0'", '"comments_count'": {}, '"quota_exceeded'": '"false'", '"error_description'": '"'", '"all_videos_retrieved'": '"false'", '"all_comments_retrieved'": '"false'"}, '"job_submit'": {'"actions'": ['"METADATA'", '"COMMENT'"], '"option_type'": '"QUERY'", '"video_count'": 100, '"option_value'": '"homemade sushi'"}}"
d65a0401-028a-4d98-acac-ef787c4592de,ca7bc9ae-7a90-437e-b0b2-21f3aa942927,cbf60054-97ed-4349-bebd-f859bd6e7673,2023-10-12 18:01:53.874+00,2023-10-12 18:02:00.979+00,2023-10-12 18:02:00.979+00,CREATED,YOUTUBE,"",/Users/jazminromero/development/AtlinProject/Scheduler/OUTPUT_DATA/d65a0401-028a-4d98-acac-ef787c4592de/d65a0401-028a-4d98-acac-ef787c4592de.zip,Completed Job,S_VIDEO,"{'"job_name'": '"'", '"job_resume'": {'"error'": '"'", '"actions'": [], '"videos_ids'": [], '"api_key_valid'": '"true'", '"current_quota'": '"0'", '"comments_count'": {}, '"quota_exceeded'": '"false'", '"error_description'": '"'", '"all_videos_retrieved'": '"false'", '"all_comments_retrieved'": '"false'"}, '"job_submit'": {'"actions'": ['"METADATA'", '"COMMENT'"], '"option_type'": '"VIDEO'", '"video_count'": 5, '"option_value'": '"https://www.youtube.com/watch?v=hyMfJa8qN2Q'"}}"
a081bb34-f25e-455b-8e7a-d7fd00a84419,ca7bc9ae-7a90-437e-b0b2-21f3aa942927,cbf60054-97ed-4349-bebd-f859bd6e7673,2023-10-11 19:20:44.733+00,2023-10-11 19:20:46.552+00,2023-10-11 19:20:46.552+00,CREATED,YOUTUBE,"",/Users/jazminromero/development/AtlinProject/Scheduler/OUTPUT_DATA/a081bb34-f25e-455b-8e7a-d7fd00a84419,"2023-10-11 15:20:46.484217 : get_videos_and_videocreators : Response from YouTube server was empty. Check input request (e.g., IDs, url, etc)",F_VIDEO_1,"{'"job_name'": '"'", '"job_resume'": {'"error'": '"'", '"actions'": [], '"videos_ids'": [], '"api_key_valid'": '"true'", '"current_quota'": '"0'", '"comments_count'": {}, '"quota_exceeded'": '"false'", '"error_description'": '"'", '"all_videos_retrieved'": '"false'", '"all_comments_retrieved'": '"false'"}, '"job_submit'": {'"actions'": ['"METADATA'"], '"option_type'": '"VIDEO'", '"video_count'": 5, '"option_value'": '"https://www.youtube.com/watch?v=fakevideo'"}}"
6f3523c6-7352-4d6e-bc76-30b848d4a833,ca7bc9ae-7a90-437e-b0b2-21f3aa942927,0ab0a653-d616-413c-a5c7-64f25288aa2c,2023-10-11 19:21:55.751+00,2023-10-11 19:22:01.568+00,2023-10-11 19:22:01.568+00,CREATED,YOUTUBE,"",/Users/jazminromero/development/AtlinProject/Scheduler/OUTPUT_DATA/6f3523c6-7352-4d6e-bc76-30b848d4a833,unexistent_video_link is not a valid url.,F_VIDEO_2,"{'"job_name'": '"'", '"job_resume'": {'"error'": '"'", '"actions'": [], '"videos_ids'": [], '"api_key_valid'": '"true'", '"current_quota'": '"0'", '"comments_count'": {}, '"quota_exceeded'": '"false'", '"error_description'": '"'", '"all_videos_retrieved'": '"false'", '"all_comments_retrieved'": '"false'"}, '"job_submit'": {'"actions'": ['"METADATA'"], '"option_type'": '"VIDEO'", '"video_count'": 5, '"option_value'": '"unexistent_video_link'"}}"
07ee29de-74ad-4dbf-95a4-47dabe885077,bf057dd4-eac2-419e-87d2-3b3b2fe6782e,0de47796-32ae-4193-8e86-448db08cc7d1,2023-10-11 16:29:23.417+00,2023-10-11 17:14:45.937+00,2023-10-11 17:14:45.937+00,CREATED,REDDIT,,,NULL,canada_top_week,"{'"job_submit'": {'"post_list'": '"'", '"option_type'": '"SUBREDDIT'", '"sort_option'": '"TOP_WEEK'", '"scrape_option'": '"BASIC'", '"username_list'": '"'", '"response_count'": '"5'", '"subreddit_list'": '"canada'", '"subreddit_name'": '"'", '"scrape_comments'": '"false'"}}"
2b23c17f-6b1f-4192-95e9-cf1c3182d434,bf057dd4-eac2-419e-87d2-3b3b2fe6782e,0de47796-32ae-4193-8e86-448db08cc7d1,2023-10-11 16:30:36.212+00,2023-10-11 17:47:26.607+00,2023-10-11 17:47:26.607+00,CREATED,REDDIT,,,NULL,canada_top_month,"{'"job_submit'": {'"post_list'": '"'", '"option_type'": '"SUBREDDIT'", '"sort_option'": '"TOP_MONTH'", '"scrape_option'": '"BASIC'", '"username_list'": '"'", '"response_count'": '"5'", '"subreddit_list'": '"canada'", '"subreddit_name'": '"'", '"scrape_comments'": '"false'"}}"
58511baf-1cd3-4fa1-a3bf-f4aaea7d031f,bf057dd4-eac2-419e-87d2-3b3b2fe6782e,0de47796-32ae-4193-8e86-448db08cc7d1,2023-10-11 16:47:27.781+00,2023-10-11 18:34:19.59+00,2023-10-11 18:34:19.59+00,CREATED,REDDIT,,,NULL,canada_keyword_maple,"{'"job_submit'": {'"post_list'": '"'", '"option_type'": '"SUBREDDIT'", '"sort_option'": '"KEYWORD'", '"keyword_list'": '"maple'", '"scrape_option'": '"BASIC'", '"username_list'": '"'", '"response_count'": '"5'", '"subreddit_list'": '"Canada'", '"subreddit_name'": '"'", '"scrape_comments'": '"false'"}}"
5e93d741-0591-444c-ac14-33c54d58330f,bf057dd4-eac2-419e-87d2-3b3b2fe6782e,0de47796-32ae-4193-8e86-448db08cc7d1,2023-10-11 16:32:04.26+00,2023-10-11 17:47:31.613+00,2023-10-11 17:47:31.613+00,CREATED,REDDIT,,,NULL,canada_top_year,"{'"job_submit'": {'"post_list'": '"'", '"option_type'": '"SUBREDDIT'", '"sort_option'": '"TOP_YEAR'", '"scrape_option'": '"BASIC'", '"username_list'": '"'", '"response_count'": '"5'", '"subreddit_list'": '"canada'", '"subreddit_name'": '"'", '"scrape_comments'": '"false'"}}"
8c493154-beae-4402-87aa-e6d5683a66ee,bf057dd4-eac2-419e-87d2-3b3b2fe6782e,0de47796-32ae-4193-8e86-448db08cc7d1,2023-10-11 18:44:34.59+00,2023-10-11 20:01:44.518+00,2023-10-11 20:01:44.518+00,CREATED,REDDIT,,,NULL,canada_u4f3gx_best_posts,"{'"job_submit'": {'"post_list'": '"u4f3gx'", '"option_type'": '"POST'", '"sort_option'": '"BEST'", '"keyword_list'": '"'", '"scrape_option'": '"'", '"username_list'": '"'", '"response_count'": '"0'", '"subreddit_list'": '"'", '"subreddit_name'": '"Canada'", '"scrape_comments'": '"'"}}"
b192bcc6-db5a-4aa6-822a-92f488edf83e,bf057dd4-eac2-419e-87d2-3b3b2fe6782e,0de47796-32ae-4193-8e86-448db08cc7d1,2023-10-11 20:01:24.812+00,2023-10-11 20:02:16.508+00,2023-10-11 20:02:16.508+00,CREATED,REDDIT,,,NULL,user_scrape_MartyMac83_best_comments,"{'"job_submit'": {'"post_list'": '"'", '"option_type'": '"USER'", '"sort_option'": '"BEST'", '"keyword_list'": '"'", '"scrape_option'": '"'", '"username_list'": '"MartyMac83'", '"response_count'": '"5'", '"subreddit_list'": '"'", '"subreddit_name'": '"'", '"scrape_comments'": '"true'"}}"
b2682a96-3e25-448c-bccd-525dcf97137e,bf057dd4-eac2-419e-87d2-3b3b2fe6782e,0de47796-32ae-4193-8e86-448db08cc7d1,2023-10-11 16:32:43.243+00,2023-10-11 19:16:46.517+00,2023-10-11 19:16:46.517+00,CREATED,REDDIT,,,NULL,canada_top_all,"{'"job_submit'": {'"post_list'": '"'", '"option_type'": '"SUBREDDIT'", '"sort_option'": '"TOP_ALL'", '"scrape_option'": '"BASIC'", '"username_list'": '"'", '"response_count'": '"5'", '"subreddit_list'": '"canada'", '"subreddit_name'": '"'", '"scrape_comments'": '"false'"}}"
eaa583fc-85ae-4376-ae51-5a30a265e431,bf057dd4-eac2-419e-87d2-3b3b2fe6782e,0de47796-32ae-4193-8e86-448db08cc7d1,2023-10-11 16:26:19.499+00,2023-10-11 19:15:04.193+00,2023-10-11 19:15:04.193+00,CREATED,REDDIT,,,NULL,Canada_top_today,"{'"job_submit'": {'"post_list'": '"'", '"option_type'": '"SUBREDDIT'", '"sort_option'": '"TOP_TODAY'", '"scrape_option'": '"BASIC'", '"username_list'": '"'", '"response_count'": '"5'", '"subreddit_list'": '"Canada'", '"subreddit_name'": '"'", '"scrape_comments'": '"false'"}}"
3a39f4b5-e10c-4541-a8ba-381337273bc8,bf057dd4-eac2-419e-87d2-3b3b2fe6782e,0de47796-32ae-4193-8e86-448db08cc7d1,2023-10-11 20:01:24.812+00,2023-10-11 20:02:16.508+00,2023-10-11 20:02:16.508+00,CREATED,REDDIT,,,NULL,user_scrape_MartyMac83_top_day_comments,"{'"job_submit'": {'"post_list'": '"'", '"option_type'": '"USER'", '"sort_option'": '"TOP_TODAY'", '"keyword_list'": '"'", '"scrape_option'": '"'", '"username_list'": '"MartyMac83'", '"response_count'": '"5'", '"subreddit_list'": '"'", '"subreddit_name'": '"'", '"scrape_comments'": '"true'"}}"
7035c6c2-81f2-4bb9-b927-d966b171bad2,bf057dd4-eac2-419e-87d2-3b3b2fe6782e,0de47796-32ae-4193-8e86-448db08cc7d1,2023-10-11 20:01:24.812+00,2023-10-11 20:02:16.508+00,2023-10-11 20:02:16.508+00,CREATED,REDDIT,,,NULL,user_scrape_MartyMac83_top_day,"{'"job_submit'": {'"post_list'": '"'", '"option_type'": '"USER'", '"sort_option'": '"TOP_TODAY'", '"keyword_list'": '"'", '"scrape_option'": '"'", '"username_list'": '"MartyMac83'", '"response_count'": '"5'", '"subreddit_list'": '"'", '"subreddit_name'": '"'", '"scrape_comments'": '"false'"}}"
40be3ba7-33ae-44b7-94a9-4649a6800a15,bf057dd4-eac2-419e-87d2-3b3b2fe6782e,0de47796-32ae-4193-8e86-448db08cc7d1,2023-10-11 20:01:24.812+00,2023-10-11 20:02:16.508+00,2023-10-11 20:02:16.508+00,CREATED,REDDIT,,,NULL,user_scrape_MartyMac83_top_week_comments,"{'"job_submit'": {'"post_list'": '"'", '"option_type'": '"USER'", '"sort_option'": '"TOP_WEEK'", '"keyword_list'": '"'", '"scrape_option'": '"'", '"username_list'": '"MartyMac83'", '"response_count'": '"5'", '"subreddit_list'": '"'", '"subreddit_name'": '"'", '"scrape_comments'": '"true'"}}"
07afdf59-760a-437b-ae7c-d606d7e7f10a,bf057dd4-eac2-419e-87d2-3b3b2fe6782e,0de47796-32ae-4193-8e86-448db08cc7d1,2023-10-11 20:01:24.812+00,2023-10-11 20:02:16.508+00,2023-10-11 20:02:16.508+00,CREATED,REDDIT,,,NULL,user_scrape_MartyMac83_week_day,"{'"job_submit'": {'"post_list'": '"'", '"option_type'": '"USER'", '"sort_option'": '"TOP_WEEK'", '"keyword_list'": '"'", '"scrape_option'": '"'", '"username_list'": '"MartyMac83'", '"response_count'": '"5'", '"subreddit_list'": '"'", '"subreddit_name'": '"'", '"scrape_comments'": '"false'"}}"
d93dd7e9-579f-435f-a640-da14336e9d5d,bf057dd4-eac2-419e-87d2-3b3b2fe6782e,0de47796-32ae-4193-8e86-448db08cc7d1,2023-10-11 20:01:24.812+00,2023-10-11 20:02:16.508+00,2023-10-11 20:02:16.508+00,CREATED,REDDIT,,,NULL,user_scrape_MartyMac83_top_month_comments,"{'"job_submit'": {'"post_list'": '"'", '"option_type'": '"USER'", '"sort_option'": '"TOP_MONTH'", '"keyword_list'": '"'", '"scrape_option'": '"'", '"username_list'": '"MartyMac83'", '"response_count'": '"5'", '"subreddit_list'": '"'", '"subreddit_name'": '"'", '"scrape_comments'": '"true'"}}"
56683fbc-5d66-4503-a857-24138fac2de1,bf057dd4-eac2-419e-87d2-3b3b2fe6782e,0de47796-32ae-4193-8e86-448db08cc7d1,2023-10-11 20:01:24.812+00,2023-10-11 20:02:16.508+00,2023-10-11 20:02:16.508+00,CREATED,REDDIT,,,NULL,user_scrape_MartyMac83_month_day,"{'"job_submit'": {'"post_list'": '"'", '"option_type'": '"USER'", '"sort_option'": '"TOP_MONTH'", '"keyword_list'": '"'", '"scrape_option'": '"'", '"username_list'": '"MartyMac83'", '"response_count'": '"5'", '"subreddit_list'": '"'", '"subreddit_name'": '"'", '"scrape_comments'": '"false'"}}"
639b6ee8-c3ef-44f9-a4c7-80edd4dfb5b9,bf057dd4-eac2-419e-87d2-3b3b2fe6782e,0de47796-32ae-4193-8e86-448db08cc7d1,2023-10-11 20:01:24.812+00,2023-10-11 20:02:16.508+00,2023-10-11 20:02:16.508+00,CREATED,REDDIT,,,NULL,user_scrape_MartyMac83_top_all_comments,"{'"job_submit'": {'"post_list'": '"'", '"option_type'": '"USER'", '"sort_option'": '"TOP_ALL'", '"keyword_list'": '"'", '"scrape_option'": '"'", '"username_list'": '"MartyMac83'", '"response_count'": '"5'", '"subreddit_list'": '"'", '"subreddit_name'": '"'", '"scrape_comments'": '"true'"}}"
3ccde84e-8343-44f2-94cc-13577834945b,bf057dd4-eac2-419e-87d2-3b3b2fe6782e,0de47796-32ae-4193-8e86-448db08cc7d1,2023-10-11 20:01:24.812+00,2023-10-11 20:02:16.508+00,2023-10-11 20:02:16.508+00,CREATED,REDDIT,,,NULL,user_scrape_MartyMac83_top_all,"{'"job_submit'": {'"post_list'": '"'", '"option_type'": '"USER'", '"sort_option'": '"TOP_ALL'", '"keyword_list'": '"'", '"scrape_option'": '"'", '"username_list'": '"MartyMac83'", '"response_count'": '"5'", '"subreddit_list'": '"'", '"subreddit_name'": '"'", '"scrape_comments'": '"false'"}}"
0935f746-a94f-4704-8749-ef01afd209fd,bf057dd4-eac2-419e-87d2-3b3b2fe6782e,3a0e6d43-610b-4617-bfe7-f6b62992d947,2023-10-11 16:29:23.417+00,2023-10-11 17:14:45.937+00,2023-10-11 17:14:45.937+00,CREATED,REDDIT,,,NULL,!canada_top_week_bad_token,"{'"job_submit'": {'"post_list'": '"'", '"option_type'": '"SUBREDDIT'", '"sort_option'": '"TOP_WEEK'", '"scrape_option'": '"BASIC'", '"username_list'": '"'", '"response_count'": '"5'", '"subreddit_list'": '"canada'", '"subreddit_name'": '"'", '"scrape_comments'": '"false'"}}"
57cf3295-346c-4ddd-ae98-b8de07933c73,bf057dd4-eac2-419e-87d2-3b3b2fe6782e,3a0e6d43-610b-4617-bfe7-f6b62992d947,2023-10-11 16:30:36.212+00,2023-10-11 17:47:26.607+00,2023-10-11 17:47:26.607+00,CREATED,REDDIT,,,NULL,!canada_top_month_bad_token,"{'"job_submit'": {'"post_list'": '"'", '"option_type'": '"SUBREDDIT'", '"sort_option'": '"TOP_MONTH'", '"scrape_option'": '"BASIC'", '"username_list'": '"'", '"response_count'": '"5'", '"subreddit_list'": '"canada'", '"subreddit_name'": '"'", '"scrape_comments'": '"false'"}}"
a25fb9b8-ab15-4cc3-beee-7e64b7e63611,bf057dd4-eac2-419e-87d2-3b3b2fe6782e,3a0e6d43-610b-4617-bfe7-f6b62992d947,2023-10-11 16:47:27.781+00,2023-10-11 18:34:19.59+00,2023-10-11 18:34:19.59+00,CREATED,REDDIT,,,NULL,!canada_keyword_maple_bad_token,"{'"job_submit'": {'"post_list'": '"'", '"option_type'": '"SUBREDDIT'", '"sort_option'": '"KEYWORD'", '"keyword_list'": '"maple'", '"scrape_option'": '"BASIC'", '"username_list'": '"'", '"response_count'": '"5'", '"subreddit_list'": '"Canada'", '"subreddit_name'": '"'", '"scrape_comments'": '"false'"}}"
c5a5affa-a6db-42e6-9c87-fcad1b02efe8,bf057dd4-eac2-419e-87d2-3b3b2fe6782e,3a0e6d43-610b-4617-bfe7-f6b62992d947,2023-10-11 16:32:04.26+00,2023-10-11 17:47:31.613+00,2023-10-11 17:47:31.613+00,CREATED,REDDIT,,,NULL,!canada_top_year_bad_token,"{'"job_submit'": {'"post_list'": '"'", '"option_type'": '"SUBREDDIT'", '"sort_option'": '"TOP_YEAR'", '"scrape_option'": '"BASIC'", '"username_list'": '"'", '"response_count'": '"5'", '"subreddit_list'": '"canada'", '"subreddit_name'": '"'", '"scrape_comments'": '"false'"}}"
f28251dd-df32-44f7-ba6f-9fe6b18aad14,bf057dd4-eac2-419e-87d2-3b3b2fe6782e,3a0e6d43-610b-4617-bfe7-f6b62992d947,2023-10-11 18:44:34.59+00,2023-10-11 20:01:44.518+00,2023-10-11 20:01:44.518+00,CREATED,REDDIT,,,NULL,!canada_u4f3gx_best_posts_bad_token,"{'"job_submit'": {'"post_list'": '"u4f3gx'", '"option_type'": '"POST'", '"sort_option'": '"BEST'", '"keyword_list'": '"'", '"scrape_option'": '"'", '"username_list'": '"'", '"response_count'": '"0'", '"subreddit_list'": '"'", '"subreddit_name'": '"Canada'", '"scrape_comments'": '"'"}}"
a71bbd47-3c30-468e-92da-d2cd7cffc874,bf057dd4-eac2-419e-87d2-3b3b2fe6782e,3a0e6d43-610b-4617-bfe7-f6b62992d947,2023-10-11 20:01:24.812+00,2023-10-11 20:02:16.508+00,2023-10-11 20:02:16.508+00,CREATED,REDDIT,,,NULL,!user_scrape_MartyMac83_best_comments_bad_token,"{'"job_submit'": {'"post_list'": '"'", '"option_type'": '"USER'", '"sort_option'": '"BEST'", '"keyword_list'": '"'", '"scrape_option'": '"'", '"username_list'": '"MartyMac83'", '"response_count'": '"5'", '"subreddit_list'": '"'", '"subreddit_name'": '"'", '"scrape_comments'": '"true'"}}"
1588fb02-3d20-4b8e-905f-aa2747723c57,bf057dd4-eac2-419e-87d2-3b3b2fe6782e,3a0e6d43-610b-4617-bfe7-f6b62992d947,2023-10-11 16:32:43.243+00,2023-10-11 19:16:46.517+00,2023-10-11 19:16:46.517+00,CREATED,REDDIT,,,NULL,!canada_top_all_bad_token,"{'"job_submit'": {'"post_list'": '"'", '"option_type'": '"SUBREDDIT'", '"sort_option'": '"TOP_ALL'", '"scrape_option'": '"BASIC'", '"username_list'": '"'", '"response_count'": '"5'", '"subreddit_list'": '"canada'", '"subreddit_name'": '"'", '"scrape_comments'": '"false'"}}"
c7f29155-4e53-4820-91f7-b0226b8bf295,bf057dd4-eac2-419e-87d2-3b3b2fe6782e,3a0e6d43-610b-4617-bfe7-f6b62992d947,2023-10-11 16:26:19.499+00,2023-10-11 19:15:04.193+00,2023-10-11 19:15:04.193+00,CREATED,REDDIT,,,NULL,!Canada_top_today_bad_token,"{'"job_submit'": {'"post_list'": '"'", '"option_type'": '"SUBREDDIT'", '"sort_option'": '"TOP_TODAY'", '"scrape_option'": '"BASIC'", '"username_list'": '"'", '"response_count'": '"5'", '"subreddit_list'": '"Canada'", '"subreddit_name'": '"'", '"scrape_comments'": '"false'"}}"
5ee92fca-41f6-42cc-9967-d797468d2ca2,bf057dd4-eac2-419e-87d2-3b3b2fe6782e,3a0e6d43-610b-4617-bfe7-f6b62992d947,2023-10-11 20:01:24.812+00,2023-10-11 20:02:16.508+00,2023-10-11 20:02:16.508+00,CREATED,REDDIT,,,NULL,!user_scrape_MartyMac83_top_day_comments_bad_token,"{'"job_submit'": {'"post_list'": '"'", '"option_type'": '"USER'", '"sort_option'": '"TOP_TODAY'", '"keyword_list'": '"'", '"scrape_option'": '"'", '"username_list'": '"MartyMac83'", '"response_count'": '"5'", '"subreddit_list'": '"'", '"subreddit_name'": '"'", '"scrape_comments'": '"true'"}}"
7b58f2a3-8972-4afd-8a6d-bb9dd3585b32,bf057dd4-eac2-419e-87d2-3b3b2fe6782e,3a0e6d43-610b-4617-bfe7-f6b62992d947,2023-10-11 20:01:24.812+00,2023-10-11 20:02:16.508+00,2023-10-11 20:02:16.508+00,CREATED,REDDIT,,,NULL,!user_scrape_MartyMac83_top_day_bad_token,"{'"job_submit'": {'"post_list'": '"'", '"option_type'": '"USER'", '"sort_option'": '"TOP_TODAY'", '"keyword_list'": '"'", '"scrape_option'": '"'", '"username_list'": '"MartyMac83'", '"response_count'": '"5'", '"subreddit_list'": '"'", '"subreddit_name'": '"'", '"scrape_comments'": '"false'"}}"
68f675c1-d8fe-40f4-9596-9be53b0132a2,bf057dd4-eac2-419e-87d2-3b3b2fe6782e,3a0e6d43-610b-4617-bfe7-f6b62992d947,2023-10-11 20:01:24.812+00,2023-10-11 20:02:16.508+00,2023-10-11 20:02:16.508+00,CREATED,REDDIT,,,NULL,!user_scrape_MartyMac83_top_week_comments_bad_token,"{'"job_submit'": {'"post_list'": '"'", '"option_type'": '"USER'", '"sort_option'": '"TOP_WEEK'", '"keyword_list'": '"'", '"scrape_option'": '"'", '"username_list'": '"MartyMac83'", '"response_count'": '"5'", '"subreddit_list'": '"'", '"subreddit_name'": '"'", '"scrape_comments'": '"true'"}}"
a09cb443-8d93-45f7-b3db-26bef74ee7a9,bf057dd4-eac2-419e-87d2-3b3b2fe6782e,3a0e6d43-610b-4617-bfe7-f6b62992d947,2023-10-11 20:01:24.812+00,2023-10-11 20:02:16.508+00,2023-10-11 20:02:16.508+00,CREATED,REDDIT,,,NULL,!user_scrape_MartyMac83_week_day_bad_token,"{'"job_submit'": {'"post_list'": '"'", '"option_type'": '"USER'", '"sort_option'": '"TOP_WEEK'", '"keyword_list'": '"'", '"scrape_option'": '"'", '"username_list'": '"MartyMac83'", '"response_count'": '"5'", '"subreddit_list'": '"'", '"subreddit_name'": '"'", '"scrape_comments'": '"false'"}}"
c9904747-4af6-4190-a956-c2678a7feb6b,bf057dd4-eac2-419e-87d2-3b3b2fe6782e,3a0e6d43-610b-4617-bfe7-f6b62992d947,2023-10-11 20:01:24.812+00,2023-10-11 20:02:16.508+00,2023-10-11 20:02:16.508+00,CREATED,REDDIT,,,NULL,!user_scrape_MartyMac83_top_month_comments_bad_token,"{'"job_submit'": {'"post_list'": '"'", '"option_type'": '"USER'", '"sort_option'": '"TOP_MONTH'", '"keyword_list'": '"'", '"scrape_option'": '"'", '"username_list'": '"MartyMac83'", '"response_count'": '"5'", '"subreddit_list'": '"'", '"subreddit_name'": '"'", '"scrape_comments'": '"true'"}}"
2a944818-7b14-4361-888d-894e910510f0,bf057dd4-eac2-419e-87d2-3b3b2fe6782e,3a0e6d43-610b-4617-bfe7-f6b62992d947,2023-10-11 20:01:24.812+00,2023-10-11 20:02:16.508+00,2023-10-11 20:02:16.508+00,CREATED,REDDIT,,,NULL,!user_scrape_MartyMac83_month_day_bad_token,"{'"job_submit'": {'"post_list'": '"'", '"option_type'": '"USER'", '"sort_option'": '"TOP_MONTH'", '"keyword_list'": '"'", '"scrape_option'": '"'", '"username_list'": '"MartyMac83'", '"response_count'": '"5'", '"subreddit_list'": '"'", '"subreddit_name'": '"'", '"scrape_comments'": '"false'"}}"
04c4a06a-02a9-448f-9d24-838fd436b8af,bf057dd4-eac2-419e-87d2-3b3b2fe6782e,3a0e6d43-610b-4617-bfe7-f6b62992d947,2023-10-11 20:01:24.812+00,2023-10-11 20:02:16.508+00,2023-10-11 20:02:16.508+00,CREATED,REDDIT,,,NULL,!user_scrape_MartyMac83_trop_all_comments_bad_token,"{'"job_submit'": {'"post_list'": '"'", '"option_type'": '"USER'", '"sort_option'": '"TOP_ALL'", '"keyword_list'": '"'", '"scrape_option'": '"'", '"username_list'": '"MartyMac83'", '"response_count'": '"5'", '"subreddit_list'": '"'", '"subreddit_name'": '"'", '"scrape_comments'": '"true'"}}"
3a0e6d43-610b-4617-bfe7-f6b62992d947,bf057dd4-eac2-419e-87d2-3b3b2fe6782e,3a0e6d43-610b-4617-bfe7-f6b62992d947,2023-10-11 20:01:24.812+00,2023-10-11 20:02:16.508+00,2023-10-11 20:02:16.508+00,CREATED,REDDIT,,,NULL,!user_scrape_MartyMac83_top_all_bad_token,"{'"job_submit'": {'"post_list'": '"'", '"option_type'": '"USER'", '"sort_option'": '"TOP_ALL'", '"keyword_list'": '"'", '"scrape_option'": '"'", '"username_list'": '"MartyMac83'", '"response_count'": '"5'", '"subreddit_list'": '"'", '"subreddit_name'": '"'", '"scrape_comments'": '"false'"}}"
5460319b-1767-451e-a191-6cd45e19f816,bf057dd4-eac2-419e-87d2-3b3b2fe6782e,0de47796-32ae-4193-8e86-448db08cc7d1,2023-10-11 20:01:24.812+00,2023-10-11 20:02:16.508+00,2023-10-11 20:02:16.508+00,CREATED,REDDIT,,,NULL,user_scrape_MartyMac83_top_all_comments,"{'"job_submit'": {'"post_list'": '"'", '"option_type'": '"USER'", '"sort_option'": '"TOP_ALL'", '"keyword_list'": '"'", '"scrape_option'": '"'", '"username_list'": '"MartyMac83'", '"response_count'": '"5'", '"subreddit_list'": '"'", '"subreddit_name'": '"'", '"scrape_comments'": '"true'"}}"
3f3a2de5-e589-4adb-aa08-1b561023131f,bf057dd4-eac2-419e-87d2-3b3b2fe6782e,3a0e6d43-610b-4617-bfe7-f6b62992d947,2023-10-11 20:01:24.812+00,2023-10-11 20:02:16.508+00,2023-10-11 20:02:16.508+00,CREATED,REDDIT,,,NULL,!user_scrape_MartyMac83_top_all_comments_bad_token,"{'"job_submit'": {'"post_list'": '"'", '"option_type'": '"USER'", '"sort_option'": '"TOP_ALL'", '"keyword_list'": '"'", '"scrape_option'": '"'", '"username_list'": '"MartyMac83'", '"response_count'": '"5'", '"subreddit_list'": '"'", '"subreddit_name'": '"'", '"scrape_comments'": '"false'"}}"
dfc4f596-3b1f-4ae3-ba5c-3a6f6fc80b4a,bf057dd4-eac2-419e-87d2-3b3b2fe6782e,0de47796-32ae-4193-8e86-448db08cc7d1,2023-10-11 20:01:24.812+00,2023-10-11 20:02:16.508+00,2023-10-11 20:02:16.508+00,CREATED,REDDIT,,,NULL,user_scrape_MartyMac83_top_month_comments,"{'"job_submit'": {'"post_list'": '"'", '"option_type'": '"USER'", '"sort_option'": '"TOP_MONTH'", '"keyword_list'": '"'", '"scrape_option'": '"'", '"username_list'": '"MartyMac83'", '"response_count'": '"5'", '"subreddit_list'": '"'", '"subreddit_name'": '"'", '"scrape_comments'": '"true'"}}"
3d0557ad-35d5-4288-a594-1e8267d9494f,bf057dd4-eac2-419e-87d2-3b3b2fe6782e,3a0e6d43-610b-4617-bfe7-f6b62992d947,2023-10-11 20:01:24.812+00,2023-10-11 20:02:16.508+00,2023-10-11 20:02:16.508+00,CREATED,REDDIT,,,NULL,!user_scrape_MartyMac83_top_month_comments_bad_token,"{'"job_submit'": {'"post_list'": '"'", '"option_type'": '"USER'", '"sort_option'": '"TOP_MONTH'", '"keyword_list'": '"'", '"scrape_option'": '"'", '"username_list'": '"MartyMac83'", '"response_count'": '"5'", '"subreddit_list'": '"'", '"subreddit_name'": '"'", '"scrape_comments'": '"false'"}}"
50e85738-73b4-475b-a464-222cfee4c10b,bf057dd4-eac2-419e-87d2-3b3b2fe6782e,0de47796-32ae-4193-8e86-448db08cc7d1,2023-10-11 20:01:24.812+00,2023-10-11 20:02:16.508+00,2023-10-11 20:02:16.508+00,CREATED,REDDIT,,,NULL,user_scrape_MartyMac83_top_year_comments,"{'"job_submit'": {'"post_list'": '"'", '"option_type'": '"USER'", '"sort_option'": '"TOP_YEAR'", '"keyword_list'": '"'", '"scrape_option'": '"'", '"username_list'": '"MartyMac83'", '"response_count'": '"5'", '"subreddit_list'": '"'", '"subreddit_name'": '"'", '"scrape_comments'": '"true'"}}"
41b1499d-7863-45ff-ae17-5a018da885cb,bf057dd4-eac2-419e-87d2-3b3b2fe6782e,3a0e6d43-610b-4617-bfe7-f6b62992d947,2023-10-11 20:01:24.812+00,2023-10-11 20:02:16.508+00,2023-10-11 20:02:16.508+00,CREATED,REDDIT,,,NULL,!user_scrape_MartyMac83_top_year_comments_bad_token,"{'"job_submit'": {'"post_list'": '"'", '"option_type'": '"USER'", '"sort_option'": '"TOP_YEAR'", '"keyword_list'": '"'", '"scrape_option'": '"'", '"username_list'": '"MartyMac83'", '"response_count'": '"5'", '"subreddit_list'": '"'", '"subreddit_name'": '"'", '"scrape_comments'": '"false'"}}"
5858522e-91e8-40cf-9438-7811957d7819,bf057dd4-eac2-419e-87d2-3b3b2fe6782e,0de47796-32ae-4193-8e86-448db08cc7d1,2023-10-11 20:01:24.812+00,2023-10-11 20:02:16.508+00,2023-10-11 20:02:16.508+00,CREATED,REDDIT,,,NULL,user_scrape_MartyMac83_top_today_comments,"{'"job_submit'": {'"post_list'": '"'", '"option_type'": '"USER'", '"sort_option'": '"TOP_TODAY'", '"keyword_list'": '"'", '"scrape_option'": '"'", '"username_list'": '"MartyMac83'", '"response_count'": '"5'", '"subreddit_list'": '"'", '"subreddit_name'": '"'", '"scrape_comments'": '"true'"}}"
1bd7067b-c9d3-47fe-a671-74f04242b62c,bf057dd4-eac2-419e-87d2-3b3b2fe6782e,3a0e6d43-610b-4617-bfe7-f6b62992d947,2023-10-11 20:01:24.812+00,2023-10-11 20:02:16.508+00,2023-10-11 20:02:16.508+00,CREATED,REDDIT,,,NULL,!user_scrape_MartyMac83_top_today_comments_bad_token,"{'"job_submit'": {'"post_list'": '"'", '"option_type'": '"USER'", '"sort_option'": '"TOP_TODAY'", '"keyword_list'": '"'", '"scrape_option'": '"'", '"username_list'": '"MartyMac83'", '"response_count'": '"5'", '"subreddit_list'": '"'", '"subreddit_name'": '"'", '"scrape_comments'": '"false'"}}"